{
  "client\\src\\App.js": 1775802966.810596,
  "client\\src\\index.js": 1775022289.0,
  "client\\src\\components\\Navbar.js": 1775815101.5551202,
  "client\\src\\components\\Sidebar.js": 1775811655.9348648,
  "client\\src\\components\\Topbar.js": 1775811665.7890055,
  "client\\src\\components\\UI.js": 1775812815.2470329,
  "client\\src\\context\\AuthContext.js": 1775028047.89838,
  "client\\src\\pages\\AddMemberPage.js": 1775755488.4357142,
  "client\\src\\pages\\AuditPage.js": 1775811694.725826,
  "client\\src\\pages\\CalendarPage.js": 1776060217.325875,
  "client\\src\\pages\\DashboardPage.js": 1775816404.2550654,
  "client\\src\\pages\\DocumentsPage.js": 1775927420.1809716,
  "client\\src\\pages\\EditProfilePage.js": 1775811685.8306115,
  "client\\src\\pages\\FamilyPage.js": 1776058582.3988507,
  "client\\src\\pages\\InsightsPage.js": 1776066574.0403018,
  "client\\src\\pages\\LoginPage.js": 1775757478.8576977,
  "client\\src\\pages\\NotificationsPage.js": 1775110537.7702098,
  "client\\src\\pages\\PortfolioPage.js": 1775544512.0759048,
  "client\\src\\pages\\SettingsPage.js": 1775811675.7582183,
  "client\\src\\utils\\api.js": 1775022289.0,
  "client\\src\\utils\\formatters.js": 1775110335.3614864,
  "database\\db.js": 1775807964.4796195,
  "database\\seed.js": 1775816312.0785568,
  "server\\index.js": 1775755491.5554354,
  "server\\middleware\\auth.js": 1775756586.7402754,
  "server\\middleware\\upload.js": 1775545058.0107243,
  "server\\routes\\alerts.js": 1776066492.3097897,
  "server\\routes\\auth.js": 1775756591.0943213,
  "server\\routes\\dashboard.js": 1775806306.9156036,
  "server\\routes\\documents.js": 1775926887.46814,
  "server\\routes\\family.js": 1775807829.7697098,
  "server\\routes\\portfolio.js": 1775028047.9300866,
  "server\\routes\\tasks.js": 1775022289.0,
  "PROMPTS.md": 1775030928.9105113,
  "README.md": 1775022289.0,
  "sample_birth_certificate_raj.txt": 1775545214.5131485,
  "sample_drivers_license_lovely.txt": 1775545208.9786253,
  "sample_passport_gurmail.txt": 1775545195.6110487,
  "uploads\\6df041f9-d4a0-4191-972a-8e469674efc2.pdf": 1775547223.2724097,
  "uploads\\941b6021-ff37-4397-9f0c-ce4810e1cfbf.pdf": 1775549033.2539804,
  "uploads\\b5202e81-e063-416b-a089-da9b0bd60472.pdf": 1775548607.8695235,
  "client\\public\\avatars\\Gurmail.png": 1775810861.4320736,
  "client\\public\\avatars\\Lovely.png": 1775811040.127287,
  "client\\public\\avatars\\Mom.png": 1775811429.665874,
  "client\\public\\avatars\\Priya.png": 1775811322.8208055,
  "client\\public\\avatars\\Raj.png": 1775811201.4613106
}